station_name,wigos_station_identifier,traditional_station_identifier,facility_type,latitude,longitude,elevation,barometer_height,territory_name,wmo_region
APOLLO-BAY,0-22000-0-7811080,7811080,seaFixed,-38.75398,143.72343,0,0,AUS,southWestPacific
STORM-BAY,0-22000-0-5501882,5501882,seaFixed,-43.21087,147.4554,0,0,AUS,southWestPacific
CORAL-BAY,0-22000-0-5601875,5601875,seaFixed,-23.15495,113.73705,0,0,AUS,southWestPacific
SHARK-BAY,0-22000-0-5601876,5601876,seaFixed,-25.49455,113.10209,0,0,AUS,southWestPacific
HILLARYS,0-22000-0-5601873,5601873,seaFixed,-31.8516,115.64687,0,0,AUS,southWestPacific
OCEAN-BEACH,0-22000-0-5601874,5601874,seaFixed,-35.04878,117.36388,0,0,AUS,southWestPacific
TORBAY-WEST,0-22000-0-5601877,5601877,seaFixed,-35.06882,117.76867,0,0,AUS,southWestPacific
BRIGHTON,0-22000-0-5501881,5501881,seaFixed,-35.02752,138.4508,0,0,AUS,southWestPacific
NORTH-KANGAROO-ISLAND,0-22000-0-5501870,5501870,seaFixed,-35.5696,136.92598,0,0,AUS,southWestPacific
ROBE,0-22000-0-5501873,5501873,seaFixed,-37.14943,139.66585,0,0,AUS,southWestPacific
CEDUNA,0-22000-0-5501877,5501877,seaFixed,-32.34959,133.64819,0,0,AUS,southWestPacific
CAPE-BRIDGEWATER,0-22000-0-5501868,5501868,seaFixed,-38.36152,141.27387,0,0,AUS,southWestPacific
CENTRAL,0-22000-0-5501869,5501869,seaFixed,-38.06297,144.8673,0,0,AUS,southWestPacific
WILSONS-PROM,0-22000-0-5501883,5501883,seaFixed,-39.54397,146.46495,0,0,AUS,southWestPacific
BOB,0-22000-0-5501875,5501875,seaFixed,-38.64283,142.31088,0,0,AUS,southWestPacific
WOOLI,0-22000-0-5501874,5501874,seaFixed,-29.8571,153.31393,0,0,AUS,southWestPacific
COLLAROY-NARRABEEN,0-22000-0-5501871,5501871,seaFixed,-33.72672,151.30602,0,0,AUS,southWestPacific
BENGELLO,0-22000-0-5501876,5501876,seaFixed,-35.87965,150.16112,0,0,AUS,southWestPacific
TATHRA,0-22000-0-5501872,5501872,seaFixed,-36.71035,150.00072,0,0,AUS,southWestPacific
KARUMBA,0-22000-0-5501879,5501879,seaFixed,-17.35425,140.72857,0,0,AUS,southWestPacific
MISSION-BEACH,0-22000-0-5501880,5501880,seaFixed,-17.97225,146.19093,0,0,AUS,southWestPacific
FENTON-PATCHES,0-22000-0-5202531,5202531,seaFixed,-12.1706,130.73458,0,0,AUS,southWestPacific
MANINGRIDA,0-22000-0-5202532,5202532,seaFixed,-11.9557,134.30842,0,0,AUS,southWestPacific